﻿{
  "Webs": [
    /*
    {
      "ID": 1,
      "Port": 8000,
      "ForwardType": 1, // 1转发  2代理
      "AliveType": 2, //1长连接 2短链接
      "Forwards": [
        {
          "ID": 11,
          "Name": "B客户端",
          "SourceIp": "127.0.0.1",
          "TargetIp": "127.0.0.1",
          "TargetPort": 80,
          "Desc": "默认的p2p转发web配置示例",
          "TunnelType": 8
        }
      ],
      //以下两项仅代理模式配置，代理模式不配置 Forwards项
      "Name": "", //目标客户端名
      "TunnelType": 8 //2只tcp 4只udp 8优先tcp 16优先udp
    }*/
  ],
  "Tunnels": [
    /*
    {
      "ID": 2,
      "Port": 8001,
      "ForwardType": 1, // 1转发  2代理
      "AliveType": 1, //1长连接 2短链接
      "Forwards": [
        {
          "ID": 22,
          "Name": "B客户端",
          "TargetIp": "127.0.0.1",
          "TargetPort": 3389,
          "Desc": "默认的p2p转发tunnel配置示例",
          "TunnelType": 8
        }
      ],
      //以下两项仅代理模式配置，代理模式不配置 Forwards项
      "Name": "", //目标客户端名
      "TunnelType": 8 //2只tcp 4只udp 8优先tcp 16优先udp
    }
  */
  ]
}